n, node,bify,bify+ses,bify+lavamoat
0,0.058546076,0.048317793,0.10545029,0.095605693
500000,0.065016364,0.064826103,0.155832135,0.12635305
1000000,0.080775475,0.082789719,0.208282149,0.151416867
2500000,0.129360729,0.12976652,0.372339098,0.232762008
5000000,0.213161706,0.210303582,0.644161439,0.35039618
10000000,0.368586547,0.36929381,1.18076847,0.565018402
50000000,2.656333407,2.634701361,6.115541689,4.099670142
