n, node,bify,bify+ses,bify+lavamoat w/ harden
0,0.143688577,0.180474528,0.350971418,0.463933807
5000,0.193090205,0.229828155,0.767349,0.763489608
10000,0.216986405,0.257305593,1.191849315,1.033327363
25000,0.308123176,0.350319858,2.384733435,1.823614706
50000,0.452875563,0.51446466,4.496917045,3.22029563
75000,0.608744681,0.658159956,6.505931829,4.492230791
100000,0.748676662,0.794215288,8.455710948,5.863063163
