n, node,bify,bify+ses,bify+lavamoat w/ harden
1,0.066037422,0.106518618,0.237803547,0.317952243
5000000,0.213199807,0.261719476,0.701857947,0.427977221
10000000,0.375135785,0.430804683,1.278312559,0.594611437
25000000,0.876524122,0.934207642,2.939744739,1.113244906
50000000,2.743975844,2.765955666,6.180582169,2.905035113
75000000,4.486629505,4.53342541,10.085959785,4.741324975
100000000,5.408023303,5.565279812,12.667399181,5.643557537
