n, node,bify,bify+ses,bify+lavamoat w/ harden
1,0.269631121,0.50898582,1.122334535,1.54823448
50000,0.780822913,0.537550814,1.171904437,1.551585618
100000,1.19480108,0.552491177,1.205037103,1.550776751
250000,2.514481216,0.594409834,1.261188782,1.614748183
500000,4.831670904,0.674116733,1.397545708,1.913575766
750000,7.292499702,0.741686309,1.527200056,2.258417579
1000000,9.687664847,0.821793321,1.632995398,2.521346068
