n, node,bify,bify+lavamoat w/ harden
1,0.380012424,0.68738219,2.049364275
50,0.370320094,1.065771658,3.088037679
100,0.390480539,1.372640237,4.141618581
250,0.439921982,1.889676403,6.778385783
500,0.550581257,2.801714735,11.071342667
750,0.622457739,3.790286348,15.382679637
1000,0.721108512,4.655006101,19.794021355
